<PAMDataset>
  <Metadata domain="Esri">
    <MDI key="PyramidResamplingType">NEAREST</MDI>
  </Metadata>
  <PAMRasterBand band="1">
    <Description>Layer_1</Description>
    <Histograms>
      <HistItem>
        <HistMin>0</HistMin>
        <HistMax>5</HistMax>
        <BucketCount>256</BucketCount>
        <IncludeOutOfRange>1</IncludeOutOfRange>
        <Approximate>0</Approximate>
        <HistCounts>11594879|0|0|0|0|0|0|0|0|0|0|0|0|0|0|0|0|0|0|0|0|0|0|0|0|0|0|0|0|0|0|0|0|0|0|0|0|0|0|0|0|0|0|0|0|0|0|0|0|0|0|0|0|0|0|0|0|0|0|0|0|0|0|4044|0|0|0|0|0|0|0|0|0|0|0|0|3536|0|0|0|0|0|0|0|0|0|0|0|0|25960|0|0|0|0|0|0|0|0|0|0|0|0|58775|0|0|0|0|0|0|0|0|0|0|0|57830|0|0|0|0|0|0|0|0|0|0|0|0|282080|0|0|0|0|0|0|0|0|0|0|0|0|55146|0|0|0|0|0|0|0|0|0|0|0|0|581641|0|0|0|0|0|0|0|0|0|0|0|32288|0|0|0|0|0|0|0|0|0|0|0|0|637610|0|0|0|0|0|0|0|0|0|0|0|0|12864|0|0|0|0|0|0|0|0|0|0|0|0|613964|0|0|0|0|0|0|0|0|0|0|0|2350|0|0|0|0|0|0|0|0|0|0|0|0|104581|0|0|0|0|0|0|0|0|0|0|0|0|0|0|0|0|0|0|0|0|0|0|0|0|0|7736</HistCounts>
      </HistItem>
    </Histograms>
    <Metadata domain="IMAGE_STRUCTURE">
      <MDI key="COMPRESSION">RLE</MDI>
    </Metadata>
    <Metadata>
      <MDI key="LAYER_TYPE">athematic</MDI>
      <MDI key="STATISTICS_MINIMUM">0</MDI>
      <MDI key="STATISTICS_MAXIMUM">5</MDI>
      <MDI key="STATISTICS_MEAN">0.58721230775876</MDI>
      <MDI key="STATISTICS_STDDEV">1.2974154136025</MDI>
      <MDI key="STATISTICS_COVARIANCES">1.6832867554534</MDI>
    </Metadata>
  </PAMRasterBand>
</PAMDataset>
