<PAMDataset>
  <Metadata domain="Esri">
    <MDI key="PyramidResamplingType">NEAREST</MDI>
  </Metadata>
  <PAMRasterBand band="1">
    <Description>Layer_1</Description>
    <Histograms>
      <HistItem>
        <HistMin>0</HistMin>
        <HistMax>5</HistMax>
        <BucketCount>256</BucketCount>
        <IncludeOutOfRange>1</IncludeOutOfRange>
        <Approximate>0</Approximate>
        <HistCounts>10063245|0|0|0|0|0|0|0|0|0|0|0|0|0|0|0|0|0|0|0|0|0|0|0|0|0|0|0|0|0|0|0|0|0|0|0|0|0|18717|0|0|0|0|0|0|0|0|0|0|0|0|38458|0|0|0|0|0|0|0|0|0|0|0|54570|0|0|0|0|0|0|0|0|0|0|0|0|107266|0|0|0|0|0|0|0|0|0|0|0|0|231234|0|0|0|0|0|0|0|0|0|0|0|0|103138|0|0|0|0|0|0|0|0|0|0|0|1029720|0|0|0|0|0|0|0|0|0|0|0|0|52957|0|0|0|0|0|0|0|0|0|0|0|0|1179968|0|0|0|0|0|0|0|0|0|0|0|0|20906|0|0|0|0|0|0|0|0|0|0|0|1057566|0|0|0|0|0|0|0|0|0|0|0|0|27178|0|0|0|0|0|0|0|0|0|0|0|0|252300|0|0|0|0|0|0|0|0|0|0|0|0|15152674|0|0|0|0|0|0|0|0|0|0|0|565049|0|0|0|0|0|0|0|0|0|0|0|0|4415|0|0|0|0|0|0|0|0|0|0|0|0|451324|0|0|0|0|0|0|0|0|0|0|0|0|5555</HistCounts>
      </HistItem>
    </Histograms>
    <Metadata domain="IMAGE_STRUCTURE">
      <MDI key="COMPRESSION">RLE</MDI>
    </Metadata>
    <Metadata>
      <MDI key="LAYER_TYPE">athematic</MDI>
      <MDI key="STATISTICS_MINIMUM">0</MDI>
      <MDI key="STATISTICS_MAXIMUM">5</MDI>
      <MDI key="STATISTICS_MEAN">2.509559317654</MDI>
      <MDI key="STATISTICS_STDDEV">1.8375711572278</MDI>
      <MDI key="STATISTICS_COVARIANCES">3.37666775787558</MDI>
    </Metadata>
  </PAMRasterBand>
</PAMDataset>
